{
    "n_samples": [
        30,
        40,
        60,
        80,
        100,
        120,
        140,
        160,
        180,
        200,
        250,
        300,
        350,
        400
    ],
    "timings": [
        [
            5.2682684,
            5.9598947,
            10.9903656,
            23.9160989,
            31.0034081,
            36.191549200000004,
            37.5136843,
            43.3180247,
            53.8333664,
            62.709497400000004,
            122.297611,
            200.0849834,
            338.6643156,
            495.03317890000005
        ],
        [
            2.3141387,
            24.674637500000003,
            44.6587928,
            56.792393100000005,
            86.9359723,
            117.3051118,
            142.4520639,
            154.4018392,
            187.1115561,
            247.3195723,
            424.20290750000004,
            757.9237323000001,
            1374.6213563000001,
            2652.3206931
        ]
    ],
    "time": 3.0,
    "inner_time": 0.5,
    "qstepsize": 0.2
}