{
    "success": [
        [
            true,
            true,
            true,
            true,
            true,
            false,
            false
        ],
        [
            true,
            true,
            true,
            true,
            true,
            false,
            false
        ]
    ],
    "n_samples": [
        425,
        450,
        475,
        500,
        550,
        600,
        650
    ],
    "timings": [
        [
            690.0610281,
            759.1857636000001,
            811.7201078,
            904.1699176000001,
            1375.3424360000001,
            0.0,
            0.0
        ],
        [
            3169.1236633000003,
            3626.3365692,
            4388.873108600001,
            5295.563574000001,
            7238.1262997,
            0.0,
            0.0
        ]
    ],
    "time": 3.0,
    "inner_time": 0.5,
    "qstepsize": 0.2
}