{
    "success": [
        [
            true,
            true,
            true,
            true,
            true
        ],
        [
            true,
            true,
            true,
            true,
            true
        ]
    ],
    "n_samples": [
        50,
        100,
        150,
        200,
        250
    ],
    "timings": [
        [
            8.4558418,
            17.6000956,
            32.3536267,
            55.4928406,
            112.41524380000001
        ],
        [
            46.134719000000004,
            107.44996540000001,
            165.6458837,
            328.9345233,
            610.9845393
        ]
    ],
    "time": 3.0,
    "inner_time": 0.5,
    "qstepsize": 0.2
}