{
    "success": [
        [
            true,
            true,
            true,
            true,
            true,
            true,
            true,
            true,
            true,
            true,
            true,
            true,
            true,
            true,
            true,
            true,
            true,
            true,
            true
        ],
        [
            false,
            false,
            false,
            false,
            false,
            false,
            false,
            false,
            false,
            false,
            false,
            false,
            false,
            false,
            false,
            false,
            false,
            false,
            false
        ]
    ],
    "n_samples": [
        30,
        40,
        60,
        80,
        100,
        120,
        140,
        160,
        180,
        200,
        250,
        300,
        350,
        400,
        425,
        450,
        475,
        500,
        550
    ],
    "timings": [
        [
            5.9262218,
            6.198494,
            10.777030900000002,
            14.8747187,
            18.1821865,
            23.1100169,
            28.1427164,
            32.9642615,
            46.9563914,
            56.4396477,
            117.0790884,
            183.656121,
            326.87696650000004,
            488.82518100000004,
            668.5893855,
            751.3110353000001,
            811.3799126,
            906.7942573,
            1386.0954379
        ],
        [
            0.0,
            0.0,
            0.0,
            0.0,
            0.0,
            0.0,
            0.0,
            0.0,
            0.0,
            0.0,
            0.0,
            0.0,
            0.0,
            0.0,
            0.0,
            0.0,
            0.0,
            0.0,
            0.0
        ]
    ],
    "time": 3.0,
    "inner_time": 0.5,
    "qstepsize": 0.2
}