{
    "success": [
        [
            true,
            true,
            true
        ],
        [
            false,
            false,
            false
        ]
    ],
    "n_samples": [
        600,
        650,
        700
    ],
    "timings": [
        [
            1906.9340094000001,
            2666.2450356000004,
            3174.1147276
        ],
        [
            0.0,
            0.0,
            0.0
        ]
    ],
    "time": 3.0,
    "inner_time": 0.5,
    "qstepsize": 0.2
}